<?xml version="1.0" encoding="UTF-8"?>
<!DOCTYPE hibernate-configuration PUBLIC
    "-//Hibernate/Hibernate Configuration DTD 3.0//EN"
    "http://www.hibernate.org/dtd/hibernate-configuration-3.0.dtd">
<hibernate-configuration>
	<session-factory>
		<property name="hibernate.dialect">org.hibernate.dialect.PostgreSQLDialect</property>
		<property name="hibernate.connection.driver_class">org.postgresql.Driver</property>
		<property name="hibernate.connection.url">
			jdbc:postgresql://localhost:5432/werbran
		</property>
		<property name="hibernate.connection.username">postgres</property>
		<property name="hibernate.connection.password">postgres</property>
		<property name="hibernate.show_sql">true</property>
		<property name="hibernate.format_sql">true</property>
		<mapping class="vo.DepartamentoVO"/>
		<mapping class="vo.E075PRO_VO"/>
		<mapping class="vo.E085CLI_VO"/>
		<mapping class="vo.E090REP_VO"/>
		<mapping class="vo.E120IPD_VO"/>
		<mapping class="vo.E140NFV_VO"/>
		<mapping class="vo.E120PED_VO"/>
		<mapping class="vo.E075PRO_PK"/>
		<mapping class="vo.E120PED_PK"/>
		<mapping class="vo.E120IPD_PK"/>
		<mapping class="vo.E140NFV_PK"/>
		<mapping class="vo.MotivoVO"/>
		<mapping class="vo.OcorrenciaProdutoVO"/>
		<mapping class="vo.OcorrenciaVO"/>
		<mapping class="vo.ProvidenciaVO"/>
		<mapping class="vo.OcorrenciaItemVO"/>
	</session-factory>
</hibernate-configuration>